crime,age,collective,unemployment,white
3.833112192,-0.272016877,-0.627466257,1.56198403,0.232993853
2.379064235,0.199719234,-0.763717552,0.608063851,-0.303574488
0.485044462,0.907323401,1.124148541,0.678724605,1.058483609
2.56171402,-0.272016877,-0.157350703,0.820046113,0.300064896
4.396278499,-0.507884932,-0.04297071,1.491323276,0.083373835
3.173523745,-0.743752988,-1.758020901,2.02127893,0.346498694
3.873966942,-0.272016877,-0.838478287,1.314671391,0.470322158
4.860123281,-0.507884932,-0.902143657,1.314671391,0.036940036
2.764976959,-0.507884932,-0.775249429,0.996697998,0.449684914
4.040077569,0.43558729,-0.973237922,0.431411966,0.305224207
1.806866091,-0.507884932,0.995599885,-0.027882935,-0.855620762
2.609108159,-0.507884932,-0.767116124,0.890706867,0.434206981
1.908194636,-0.272016877,-1.545128864,1.279341014,0.516755957
3.277828766,-0.743752988,0.201219797,2.303921946,0.145285567
6.011767716,-1.451357155,-0.279759581,1.56198403,-1.593402231
2.557842111,-0.979621044,-0.770522095,0.572733474,-1.505693945
3.579418345,-0.743752988,-0.820141718,1.56198403,0.186560054
5.037783375,-0.507884932,-0.374771324,1.032028375,0.176241432
3.418803419,-0.743752988,-0.24864783,1.385332145,-0.726637988
4.401962017,-0.507884932,-0.517617145,0.784715736,-0.15395447
3.606446523,-1.687225211,-1.308387803,2.869207978,-1.149701488
4.136663092,-1.451357155,-0.209105041,2.02127893,-0.78854972
1.67141874,1.614927568,1.910772275,-1.017133491,1.182307072
3.510091513,1.143191457,0.684656435,-0.55783859,0.939819456
2.056311294,1.379059513,2.004652232,-0.769820852,0.934660145
2.190237797,0.671455346,-0.01944625,0.396081589,0.475481469
1.454663003,0.907323401,1.097343942,-0.840481606,0.743765639
2.110694184,0.671455346,1.628214091,-0.133874066,0.74892495
1.315356791,2.08666368,0.759460944,-0.805151229,0.74892495
2.332921641,1.143191457,0.811182606,-1.052463868,0.573508377
2.162024673,1.614927568,0.769919606,-0.981803114,0.372295249
1.406469761,0.671455346,1.226187735,0.290090458,0.439366292
1.879257693,0.907323401,0.574706154,-0.522508213,0.527074579
1.25250501,0.671455346,0.743646261,-0.663829721,0.176241432
1.020976425,0.199719234,0.800748269,-0.310525951,-0.128157915
1.946920791,0.43558729,-0.3232171,-0.416517082,0.155604188
2.557787041,0.43558729,1.050569271,-0.487177836,0.258790408
1.046181438,0.671455346,-0.145451554,-1.193785376,0.496118713
1.666435217,0.199719234,-0.409582556,-0.027882935,0.093692457
3.389064618,-0.036148821,-1.083657504,-0.451847459,-0.169432403
2.436281859,0.43558729,0.116156517,-0.487177836,-0.128157915
1.168375957,0.671455346,1.157761027,-0.946472737,-0.004334452
1.850937808,-0.272016877,-0.654732292,0.325420835,-0.226184824
0.97323601,-0.036148821,0.867030603,0.113438573,0.207197298
1.693002257,-0.036148821,0.307680183,-0.663829721,0.119489012
3.507541214,-0.507884932,-0.328547039,0.466742343,-0.742115921
1.117999797,0.43558729,0.349362582,-0.805151229,0.176241432
2.934616739,-1.215489099,-0.702819507,1.455992899,-1.134223555
2.965892239,-0.036148821,0.622162385,-0.310525951,0.098851768
1.151808339,0.907323401,0.644428947,-0.734490475,0.26910903
1.026377912,-0.036148821,0.615364624,-0.769820852,0.666375975
1.138174368,-0.979621044,-0.59981548,-0.310525951,-1.00524078
1.103752759,-0.272016877,1.481960899,-0.628499344,-0.334530354
2.943800178,-0.743752988,0.625043584,-0.734490475,0.073055213
0.759713479,0.907323401,1.270051911,-1.335106884,0.991412566
1.725282017,-1.215489099,0.037562007,-0.345856328,0.511596646
1.070976536,0.199719234,0.895093511,-0.981803114,0.841792548
2.281151982,-0.272016877,0.386665863,0.219429704,-0.943329049
1.728372601,-1.215489099,-0.298904623,-0.593168967,0.625101487
1.736757226,-0.036148821,0.899474385,-0.734490475,0.300064896
4.237288136,-0.743752988,0.424356986,0.50207272,-0.571858659
1.286265542,-0.272016877,-0.626531577,0.184099327,-0.42223864
3.345547236,-0.389950905,1.316761321,0.254760081,0.021462103
2.057613169,-0.979621044,-0.907657476,1.20868026,-0.886576628
3.505154639,-0.272016877,-1.187333246,1.667975161,-0.391282775
3.1656303,-0.272016877,0.282424228,0.325420835,0.470322158
3.606732567,-0.743752988,-0.409419957,0.926037244,0.248471786
2.580228995,1.143191457,-0.021955412,-0.310525951,0.717969085
1.776198934,2.08666368,1.479686416,-0.840481606,1.130713962
3.011223652,0.907323401,0.481719269,-0.663829721,1.259696737
3.122099401,-0.743752988,-1.540183834,1.809296669,0.558030444
0.652498136,1.614927568,1.367728315,-1.052463868,1.202944316
4.427083333,0.671455346,-0.525204061,0.396081589,1.115236029
1.007049345,2.558399791,0.882128434,-1.26444613,1.440272621
1.560792883,1.614927568,0.808164777,-0.098543689,1.12039534
2.295040163,1.143191457,1.157699653,-0.946472737,1.156510517
0.909799844,1.614927568,1.418872557,-1.123124622,1.553777462
3.04414003,1.379059513,1.398763764,-1.052463868,1.347405023
2.435150873,1.379059513,1.110964778,-0.55783859,1.084280164
1.728034029,1.850795624,0.733023113,-0.55783859,1.502184352
0.786958966,1.379059513,1.165523042,-1.052463868,1.388679511
2.546343451,0.671455346,0.905276335,-0.310525951,1.414476066
1.31443057,1.850795624,2.065034642,-1.087794245,1.373201578
1.76924049,1.143191457,0.731095818,-1.123124622,1.522821596
1.363326517,1.614927568,0.993197105,-1.26444613,1.656963682
1.976024239,2.322531735,1.595622675,-1.26444613,1.507343663
0.646579594,1.850795624,0.09519228,-1.335106884,1.615689194
0.385356455,2.08666368,0.880805818,-1.158454999,1.64664506
3.441156228,1.614927568,1.105251853,-0.981803114,1.553777462
1.342559124,2.08666368,1.232808603,-0.91114236,1.497025041
3.252284343,0.671455346,-0.027458226,0.007447442,1.388679511
1.559776126,-0.036148821,0.612978622,-0.381186705,-1.681110518
0.798175599,-0.272016877,-0.748935542,-0.239865197,-1.185816664
2.420574887,0.199719234,0.676656659,0.113438573,-1.686269829
1.183898974,0.907323401,-0.01410256,-0.699160098,-1.454100835
2.449615856,-0.036148821,-0.08094279,-0.063213312,-1.258047018
1.130085384,-0.036148821,0.775388865,-0.063213312,-1.42830428
1.143249114,-0.743752988,-1.720944957,-0.133874066,-1.572764987
1.785501726,-0.036148821,0.899576003,-0.91114236,-1.490216012
1.711412985,-0.507884932,0.180047281,0.784715736,-1.557287055
1.798792239,-0.743752988,0.493976051,1.20868026,-1.485056701
1.827944705,-0.272016877,-0.147259052,0.678724605,-0.943329049
0.88469478,0.199719234,0.467637894,0.042777819,-1.577924298
2.16755175,-0.507884932,-0.395110797,0.007447442,-1.872005024
3.513223382,-0.743752988,-0.997080014,0.926037244,-1.180657354
2.043280394,-0.507884932,0.179436305,0.078108196,-0.360326909
2.41984271,-0.272016877,-0.370546024,-0.098543689,-1.768818804
2.217965521,-0.743752988,-0.404411087,0.325420835,-1.897801579
1.840264998,-0.507884932,-0.439438576,-0.027882935,-0.380964153
2.646849231,-0.507884932,-0.564456253,-0.20453482,-2.284749902
5.274818019,-0.507884932,0.258287074,0.078108196,-2.031943664
3.303737353,-1.215489099,-2.736953161,2.197930815,-1.846208469
2.429060395,-0.743752988,-1.592474378,0.078108196,-0.406760708
2.026704816,-0.507884932,-0.908971086,-0.20453482,0.083373835
2.692119432,-0.743752988,-2.120106967,0.890706867,-1.015559402
3.408713003,-0.507884932,-1.150927633,2.339252323,-1.516012567
2.218231752,-0.272016877,0.120539503,0.042777819,-2.227997481
3.170227429,-0.979621044,-0.049189331,2.409913077,-1.990669176
2.803839103,-0.507884932,-0.482660913,-0.345856328,0.191719365
3.454038997,-0.507884932,-1.140039951,-0.239865197,-2.295068524
0.74019245,0.199719234,0.747031269,-0.522508213,-0.117839293
3.116531165,-0.507884932,-1.503375451,1.597314407,-1.067152512
2.144458524,-0.272016877,-1.278632148,-0.451847459,0.222675231
1.105379514,-0.036148821,0.373735573,-0.239865197,-0.339689665
3.721765914,-0.507884932,-2.348544408,2.551234585,-1.412826347
3.635510731,0.43558729,-0.570307564,0.643394228,1.032687054
3.828798031,1.261125485,0.259084824,-1.052463868,1.43511331
1.696242171,1.379059513,1.2734369,-0.239865197,0.841792548
2.515090543,0.671455346,0.384253573,-0.133874066,0.465162847
3.515324618,-0.036148821,-0.670151902,0.254760081,0.10917039
1.845231231,0.43558729,0.751804377,-0.593168967,1.032687054
1.248569348,2.322531735,0.687362293,-1.441098015,1.414476066
3.6900369,0.43558729,0.145716802,-0.593168967,1.161669828
4.270896888,-0.272016877,-1.303257306,1.597314407,-0.20554758
5.940940066,2.08666368,1.796486333,-0.55783859,1.264856048
0.637755102,1.850795624,1.974933346,-1.229115753,1.254537426
0.877963126,2.08666368,1.54526206,-1.405767638,1.300971224
1.09095868,0.671455346,0.493509365,-0.946472737,1.17198845
6.54725139,-0.036148821,-1.386028092,0.714054982,1.228740871
1.861130995,0.43558729,-0.399936386,0.007447442,0.470322158
2.166064982,1.379059513,2.192184791,-1.158454999,1.27517467
1.444327731,1.143191457,0.662127375,-0.946472737,1.239059493
3.540833809,0.671455346,1.034780689,-0.805151229,1.027527743
7.469997551,-0.036148821,-1.875724024,0.784715736,1.043005676
2.272727273,0.907323401,1.191407815,-1.052463868,1.362882956
1.129659847,2.558399791,1.183814565,-1.229115753,1.306130535
2.120248372,2.08666368,1.726795618,-1.229115753,1.455750554
4.910195116,1.143191457,-0.559443104,-0.133874066,1.424794688
4.058732243,1.850795624,1.142849561,-1.229115753,1.192625694
1.452336942,2.322531735,2.050043847,-1.405767638,1.579574017
3.337884995,0.907323401,-1.120233414,0.219429704,1.213262938
1.288992008,1.850795624,0.028738865,-1.476428392,1.600211261
3.133617448,1.850795624,1.138566661,-1.017133491,1.368042267
2.898550725,2.794267846,0.488694631,-0.628499344,1.502184352
1.15731173,2.558399791,1.375810055,-1.370437261,1.49186573
1.004520342,2.558399791,1.193795854,-1.370437261,1.626007816
5.013550136,1.850795624,0.500502326,-0.20453482,1.409316755
1.757984178,2.558399791,0.437588597,-1.299776507,1.533140218
1.524777637,2.08666368,1.441006525,-1.158454999,1.70339748
1.543942993,1.850795624,1.943962934,-1.335106884,1.43511331
1.941457587,2.322531735,1.229303818,-1.017133491,1.548618151
0.915511378,2.322531735,1.800605793,-1.335106884,1.672441615
2.643445809,2.794267846,1.75637397,-1.087794245,1.827220944
2.264364563,1.143191457,-0.873685377,-1.123124622,1.796265078
2.664636467,1.379059513,0.104545611,-0.310525951,0.975934633
1.644528779,1.143191457,1.474299922,-1.441098015,1.254537426
3.803680982,0.199719234,0.647241093,-0.663829721,0.914022901
1.179554391,0.43558729,2.724442088,-1.26444613,0.795358749
1.677048395,-0.272016877,1.319002175,-0.840481606,0.712809774
1.154734411,0.199719234,0.553005615,-0.593168967,0.857270481
5.029089833,-0.743752988,-1.280441833,0.784715736,0.10917039
1.436969301,0.199719234,1.135118317,-1.158454999,0.496118713
1.032228467,-0.507884932,0.152015331,-0.275195574,0.382613871
2.488687783,-0.507884932,1.25086442,-0.734490475,0.506437335
1.099246231,0.199719234,0.352880352,-1.370437261,0.888226347
4.263913824,-0.507884932,-0.040792538,0.431411966,0.181400743
3.044998308,-0.507884932,0.02987904,0.007447442,0.134966945
2.056636608,-0.036148821,0.617370314,-0.169204443,0.315542829
3.043584125,-0.979621044,0.211568696,-0.098543689,0.289746274
1.298701299,-0.272016877,0.632984134,-1.26444613,0.790199438
2.09706411,-0.036148821,1.222692534,-0.451847459,-0.040449628
2.529084471,0.671455346,1.347975866,-0.91114236,0.862429792
2.815632391,-0.979621044,0.162950095,0.608063851,-0.076564805
4.233188195,-0.154082849,-0.477637115,0.784715736,-0.128157915
5.679270662,-0.507884932,-0.708403257,-0.451847459,0.460003536
3.194103194,-1.215489099,-1.185532791,1.173349883,-0.690522811
3.124248979,-1.923093266,-1.266559956,1.067358752,-0.623451768
2.522704339,-1.687225211,-1.279547547,1.385332145,-0.778231098
1.725053079,-1.451357155,-0.129140497,0.50207272,-0.179751025
3.323142363,-1.923093266,0.86988318,-1.087794245,-0.190069647
2.382286996,-0.272016877,1.040342093,0.396081589,-0.10236136
9.846396219,-0.272016877,-0.420596051,-0.663829721,0.202037987
2.743797874,0.199719234,-0.360643689,0.360751212,-0.004334452
2.394166939,0.907323401,-0.357760547,-0.345856328,-0.742115921
2.548625084,0.199719234,-0.258547306,0.608063851,-1.283843573
1.752848379,-0.272016877,-0.147176697,0.113438573,-1.26836564
4.440059201,-0.272016877,-1.910096259,0.961367621,-1.196135286
2.715145792,-0.036148821,-1.216182564,0.784715736,-1.397348414
3.251445087,0.43558729,0.106381676,0.961367621,-0.757593854
3.123123123,-0.507884932,-3.159444224,1.56198403,-1.067152512
2.212131796,0.199719234,-0.70015096,0.396081589,-1.841049158
3.168316832,-0.036148821,-1.343153019,0.678724605,-1.619198786
3.600932006,-0.272016877,-1.628528897,0.431411966,-2.073218152
2.514225222,-0.272016877,-1.041646993,0.466742343,-0.530584171
3.555369654,-0.507884932,-0.886137061,1.279341014,-1.237409774
2.210433245,-0.507884932,-1.578815709,1.102689129,-0.747275232
3.34651658,-0.979621044,-0.428621311,0.890706867,-1.660473274
3.429517502,-0.743752988,-0.338392036,0.50207272,-1.69142914
2.396931927,-0.036148821,2.197784683,-0.027882935,-0.169432403
1.374312844,2.08666368,0.557443623,-0.875811983,0.728287706
3.732213669,-0.743752988,-1.190028174,0.608063851,-1.583083609
7.051016176,-0.743752988,-1.751648873,1.350001768,-1.402507725
1.279795233,1.614927568,-0.000338536,-0.875811983,0.346498694
1.695713613,-0.272016877,-1.078527904,-0.027882935,-0.308733799
1.185536455,0.671455346,-0.373280896,-0.55783859,-0.582177281
4.695314892,-0.507884932,-1.122972696,0.113438573,-0.42223864
1.802072383,0.081785207,-0.272832925,0.325420835,-0.024971696
1.826245761,3.030135902,0.037684082,-1.158454999,0.697331841
7.502250675,-0.507884932,-0.891856469,-0.063213312,-0.117839293
2.337160858,-0.036148821,0.799016998,0.14876895,-0.344848976
3.272910373,0.199719234,0.927196289,-0.55783859,0.449684914
2.973358706,-1.923093266,-1.196595048,2.445243454,0.05757728
3.239181135,-0.036148821,1.251708243,-0.451847459,0.403251115
2.122015915,0.199719234,-0.864230148,0.643394228,0.888226347
0.79543948,2.558399791,1.00780043,-1.087794245,0.846951859
1.573289048,1.143191457,0.315085351,-0.699160098,1.006890499
1.838718151,2.794267846,1.899348779,-1.299776507,0.981093944
5.645287753,-0.272016877,-0.181109542,1.491323276,0.733447017
3.865213082,1.143191457,0.355489207,-0.840481606,0.403251115
1.563314226,2.322531735,0.83262244,-1.123124622,0.361976627
2.260251857,2.08666368,0.803996106,-0.946472737,1.161669828
1.304206065,0.671455346,0.00576055,-0.345856328,0.764402883
3.105590062,1.143191457,0.572926643,-0.487177836,0.681853908
1.573226545,1.614927568,1.300737817,-0.769820852,1.073961542
1.564333203,1.614927568,1.787594082,-1.017133491,1.218422249
1.87541862,2.558399791,-0.0491438,-0.593168967,1.316449157
1.468120805,-0.272016877,-0.864412122,-0.20453482,-0.659566945
1.107910481,-0.036148821,-1.243864242,-0.416517082,-0.974284915
2.530906259,-0.272016877,-0.452231862,0.572733474,-0.6853635
3.453453453,-0.036148821,-0.854714778,-0.381186705,-0.478991061
0.884955752,-0.272016877,0.785378525,-0.133874066,-1.242569085
1.636278635,-0.036148821,0.148165039,0.007447442,-0.592495903
3.339827442,-0.036148821,0.069158378,-0.628499344,-0.339689665
2.691460729,-0.743752988,-0.343495947,1.455992899,-0.876258006
2.401372213,-0.507884932,-0.568250589,1.173349883,-0.773071787
1.744693225,-0.507884932,-0.121619084,0.50207272,-0.943329049
2.585737616,-0.272016877,-0.683788712,-0.416517082,-0.386123464
2.450348207,-0.036148821,-0.180515438,0.078108196,-0.798868342
1.544163064,1.143191457,0.003829612,-1.158454999,0.790199438
2.255356472,-0.036148821,-0.978941954,0.042777819,-1.681110518
4.723277544,-0.979621044,0.326618834,0.466742343,-0.602814525
2.801120448,0.199719234,-0.725637446,0.572733474,-0.298415177
2.004900869,-0.272016877,-0.596510193,0.14876895,-2.470485097
1.796280642,0.199719234,-0.90529804,-0.169204443,0.052417969
1.805869074,0.199719234,0.339454886,-0.805151229,0.449684914
3.32250443,-0.036148821,0.329079831,-0.769820852,0.114329701
2.218606715,-0.272016877,-0.143514376,-0.20453482,-0.081724116
1.744923858,0.43558729,1.526662882,-0.805151229,0.454844225
2.628871871,-0.272016877,0.393326881,0.50207272,-2.625264426
1.759422169,-0.743752988,0.605413564,-0.098543689,-0.494468994
6.140448811,-0.272016877,-0.653246853,-0.133874066,0.119489012
1.539909316,-0.507884932,-1.101520997,0.749385359,-2.80584031
3.076544425,0.199719234,0.262910847,-0.840481606,0.315542829
2.693481774,-0.272016877,0.134594535,-0.027882935,0.062736591
3.479809015,-0.507884932,0.073535086,2.056609307,-1.949394688
4.612945077,0.199719234,1.005410747,-0.451847459,0.558030444
3.521502508,0.199719234,1.382503656,-0.275195574,0.650898042
1.357689459,0.199719234,1.44760546,-1.193785376,0.831473926
3.100198413,-0.507884932,-0.869167537,0.996697998,-0.644089012
1.624575395,0.671455346,1.131406093,-1.229115753,1.151351206
1.63132137,0.907323401,0.388997759,-0.875811983,0.702491152
1.932510777,0.199719234,1.023128736,-0.91114236,0.785040127
2.731600718,-0.979621044,-0.27437787,1.067358752,-2.687176158
4.069604266,-0.036148821,-0.228981566,0.961367621,-2.243475414
1.631079478,-0.272016877,1.067601234,-1.193785376,0.779880816
2.532714225,0.199719234,-0.725906913,0.643394228,0.227834542
2.365397612,-0.507884932,-0.878240247,1.632644784,0.021462103
2.984812571,-0.979621044,-1.174983142,1.491323276,-0.448035195
2.45988052,0.907323401,-0.472271135,-0.345856328,1.115236029
2.143501805,-0.036148821,0.293531175,0.608063851,0.398091804
2.616374142,-0.979621044,-3.228013148,2.197930815,-0.169432403
3.071833648,-0.743752988,-0.245340993,1.102689129,-0.004334452
2.680311891,0.671455346,0.503772041,-0.451847459,1.068802231
1.364670205,1.614927568,0.475357106,-0.734490475,1.135873273
1.958384333,1.614927568,1.451093225,-0.91114236,1.048164987
2.050080539,1.850795624,0.214027824,-0.805151229,0.815995993
3.980288097,-0.743752988,-0.134034765,1.173349883,-0.504787616
2.438281012,2.08666368,1.613570167,-0.699160098,0.85211117
3.147235906,-1.215489099,-0.029462084,2.056609307,-0.78854972
3.337783712,0.199719234,0.055976278,0.254760081,0.501278024
2.722798199,0.199719234,0.715243676,-0.027882935,0.32070214
1.26984127,2.08666368,1.49023016,-0.981803114,1.053324298
3.033026286,-0.272016877,-0.952859008,0.678724605,-0.592495903
1.550942496,0.671455346,1.186436797,-0.20453482,0.460003536
2.187044366,-0.036148821,0.58082028,-0.027882935,0.413569737
1.288798196,1.614927568,1.48755881,-1.017133491,0.754084261
0.625860558,1.614927568,1.607676913,-1.158454999,1.043005676
3.094323517,-0.507884932,-0.977288311,1.173349883,-1.020718713
2.315661182,-0.507884932,-1.596907696,1.067358752,-0.902054561
3.055391287,-0.743752988,-1.976113386,1.879957422,-0.963966293
1.199472232,0.671455346,0.063301986,-0.063213312,0.212356609
4.025097668,-0.743752988,-0.869832357,2.091939684,-0.814346274
0.865479723,1.614927568,1.231032343,-1.017133491,0.676694597
1.725923369,0.43558729,-0.86674342,-0.593168967,0.625101487
4.430516533,-1.215489099,-2.192206347,2.869207978,-1.170338732
1.009285426,-0.036148821,-0.266379719,0.890706867,-0.458353817
3.343621399,-0.036148821,-0.747730032,0.042777819,-0.055927561
3.976519599,-0.979621044,-1.23868614,1.597314407,-1.123904933
3.346346905,-0.979621044,-2.295691745,2.02127893,-1.000081469
2.618328298,-0.272016877,0.121696941,0.572733474,-0.226184824
1.982441235,-0.036148821,-0.623144477,-0.275195574,0.258790408
4.393273746,-0.743752988,-1.058341314,1.526653653,-0.57701797
3.861880963,-1.215489099,-0.657910403,0.996697998,-1.113586311
3.077261237,-0.743752988,-1.272059875,1.738635915,-0.42223864
6.009059813,-0.979621044,-1.377486767,0.466742343,-0.380964153
4.169148303,-0.979621044,-1.41302055,2.409913077,-0.628611079
4.041628776,-0.743752988,0.497672245,1.279341014,-1.314799439
2.631340169,-0.743752988,-0.34107723,1.56198403,-0.974284915
2.553319315,-0.272016877,0.28828729,0.678724605,-0.246822067
2.351964582,-0.743752988,0.228514212,1.703305538,-0.530584171
3.98089172,-0.743752988,1.210670188,-0.310525951,0.078214524
4.104477612,-0.979621044,-1.453999268,1.844627046,-1.108427
3.96228993,-0.272016877,0.280943871,0.890706867,-0.019812385
3.179650238,-0.272016877,-1.022021177,1.173349883,-0.112679982
1.691093574,-0.272016877,0.07503252,-0.275195574,0.367135938
3.446295233,-1.687225211,0.305365083,1.667975161,-0.664726256
2.415823645,0.671455346,0.983702716,-0.628499344,1.089439475
3.715670436,0.671455346,1.352558219,0.572733474,0.186560054
3.888108867,-0.272016877,-0.163224452,-0.699160098,0.661216664
2.937045077,-0.272016877,-0.840056413,0.113438573,0.21751592
3.303509979,0.907323401,1.348907612,0.113438573,0.413569737
3.656016532,0.671455346,1.14906069,-1.229115753,1.244218804
2.468373959,0.671455346,-0.673823789,-0.027882935,0.403251115
1.219698125,1.614927568,1.060399358,-0.840481606,1.440272621
2.17155266,0.671455346,-2.573921161,0.14876895,0.5373932
5.051780753,0.43558729,0.459108489,0.678724605,1.01204981
2.17155266,0.671455346,-0.616344774,0.14876895,0.5373932
2.182672935,1.850795624,-0.217061716,-0.628499344,1.471228487
3.449408673,1.850795624,0.130510405,-0.55783859,1.27517467
3.509684128,-0.036148821,-1.77762979,1.173349883,0.826314615
2.006482482,-1.451357155,0.040408922,-0.20453482,1.073961542
2.993563838,1.143191457,0.585247881,0.184099327,1.01204981
0.939114102,1.379059513,-0.386196239,-0.805151229,1.182307072
1.358849507,-2.394829377,0.699490964,0.926037244,0.53223389
1.476377953,-0.507884932,-1.39906396,2.091939684,-0.881417317
1.378100727,-1.687225211,-0.537687693,0.784715736,0.418729048
1.475833231,-1.687225211,-2.091670939,1.703305538,-0.184910336
2.318691228,-1.687225211,-1.209970146,1.985948553,-0.561540037
1.148585152,-0.979621044,-1.380531723,-0.027882935,-0.045608939
1.859816343,-0.979621044,-1.659586411,-0.734490475,0.300064896
1.161440186,-0.507884932,0.167292706,-0.098543689,0.325861451
1.918649271,-0.507884932,-0.794940037,-0.55783859,0.372295249
2.827817344,-0.743752988,-1.4169333,1.773966292,-0.762753165
2.584890142,-0.507884932,-0.033456162,1.102689129,-0.468672439
1.626898048,-0.507884932,-0.83407404,-0.345856328,0.563189755
1.895734597,-0.743752988,-1.707663575,3.222511748,-1.526331189
2.436163494,-0.743752988,0.043260097,0.537403097,-0.288096555
3.631961259,-0.743752988,-0.962643303,1.20868026,-0.535743482
1.32356834,-0.743752988,-0.355093158,1.667975161,-1.031037335
6.102311088,-0.979621044,-1.02413336,1.173349883,-0.360326909
3.462930899,-0.743752988,-0.044810866,1.526653653,-0.602814525
2.950940612,-0.979621044,-1.085451103,3.187181371,-1.211613219
3.144300955,-0.507884932,-0.213595474,0.466742343,0.140126256
3.817388595,-0.743752988,0.449063097,-0.133874066,0.114329701
5.157660298,-0.743752988,-0.531624254,0.961367621,-0.092042738
2.451230722,-0.743752988,-0.457452524,0.219429704,0.016302792
1.760928113,-0.979621044,-1.237266148,1.667975161,-0.742115921
1.890359168,-0.979621044,-0.458045003,1.102689129,-0.520265549
2.637889688,-0.979621044,-0.78292154,1.455992899,-0.411920019
4.329351399,-1.215489099,-0.396875792,-0.133874066,-0.05076825
4.492658339,-0.507884932,0.825278162,0.890706867,-0.540902793
3.768465481,-0.979621044,-2.100769694,2.197930815,-1.190975975
2.527129478,-0.743752988,-0.111086456,0.042777819,0.042099347
3.137926116,-0.507884932,0.44688274,0.50207272,-0.112679982
3.611672927,-0.507884932,-0.808804894,0.078108196,0.026621414
2.4431957,-0.507884932,0.112885813,0.113438573,0.16592281
3.523284314,-0.507884932,-0.373643013,-0.451847459,0.460003536
1.059462323,-0.036148821,1.242897003,-0.239865197,0.465162847
2.044989775,-0.036148821,0.189115321,-0.946472737,0.666375975
2.571024553,-0.272016877,0.085643169,-0.805151229,0.779880816
3.412969283,-0.036148821,0.237327059,-0.098543689,0.42904767
3.279035329,-0.507884932,-0.352213827,-0.239865197,0.036940036
7.234507235,-0.507884932,-0.768190105,0.396081589,0.16592281
3.077421445,-0.743752988,0.508079136,-1.123124622,0.717969085
3.314103351,-0.743752988,-1.223645779,0.678724605,-0.148795159
4.127639308,-0.979621044,0.192743172,-0.381186705,0.196878676
2.679658952,-0.743752988,-0.141609594,-0.91114236,0.687013219
1.697792869,-0.272016877,1.184161772,-1.193785376,0.986253255
2.479466915,-0.743752988,-0.414459841,-0.487177836,0.785040127
2.84789644,-0.272016877,-0.143537374,-0.734490475,1.053324298
2.923060862,-0.743752988,0.879942639,-0.593168967,0.846951859
2.154101077,-0.507884932,-0.1243959,-1.229115753,1.218422249
2.577984016,-0.743752988,0.240827977,-0.416517082,0.356817316
1.347708895,-0.036148821,0.73902643,-1.158454999,1.321608468
1.662133575,-0.272016877,0.946229289,-0.451847459,0.769562194
1.275347532,-0.507884932,0.211105803,0.784715736,0.036940036
4.062193585,-0.743752988,-0.75322896,3.540485141,-1.144542177
5.470459519,-0.743752988,-1.655420747,2.763216847,-1.061993201
4.161248375,-0.272016877,0.281190469,0.042777819,0.067895902
4.016064257,-0.743752988,-0.644162447,1.809296669,-0.546062104
4.188481675,-0.743752988,-0.456059716,1.950618176,-0.793709031
2.772002772,-0.507884932,-1.041410109,0.184099327,0.098851768
3.410641201,-0.743752988,-1.60417827,0.85537649,-0.47383175
4.740786053,0.671455346,0.725926441,-0.769820852,1.053324298
2.411689601,-0.743752988,-1.543854843,0.926037244,-0.251981378
5.327868852,-0.743752988,-2.710879669,1.067358752,-0.974284915
8.520120592,-1.215489099,-0.124922914,1.985948553,-0.912373183
4.433572848,-0.743752988,-1.847674848,1.950618176,-0.767912476
3.132925556,0.199719234,0.801437546,-0.805151229,1.130713962
4.285522968,-0.979621044,-0.93867964,1.173349883,-0.933010427
9.761699684,-0.743752988,-2.302506357,0.890706867,-0.329371043
2.816523605,0.43558729,1.248038299,-0.769820852,0.970775322
2.363737486,-0.507884932,-0.904752605,1.138019506,-0.711160055
4.353504571,-0.507884932,-1.463130755,0.325420835,-0.097202049
1.862940785,-0.272016877,-0.653564914,0.50207272,0.289746274
2.397722164,0.199719234,0.538634502,-0.946472737,1.17198845
1.452696568,1.143191457,1.87154794,-0.981803114,1.22358156
2.812767519,-0.743752988,-0.850378407,0.14876895,0.176241432
4.970445997,-0.272016877,-1.326659559,1.420662522,-0.509946927
5.157513242,-0.743752988,-1.476453969,1.385332145,-0.871098695
3.188368831,-0.507884932,-1.639309638,1.138019506,-0.644089012
4.368083867,-0.743752988,-0.8490849,-0.027882935,0.05757728
2.077562327,-0.036148821,-0.66337828,0.007447442,0.661216664
0.96698439,-1.687225211,-0.026968448,0.184099327,0.253631097
1.63787969,0.671455346,0.431409715,-1.229115753,0.898544969
3.03555941,-0.743752988,-0.573378508,-0.20453482,0.305224207
2.83286119,-0.743752988,-1.418009037,1.102689129,-0.468672439
1.602097291,0.671455346,1.105363055,-1.087794245,1.146191895
1.883745963,-0.036148821,0.731257745,-0.875811983,0.970775322
1.787043931,-0.036148821,0.656310665,-1.229115753,1.156510517
2.620625867,-0.507884932,0.000803974,-0.451847459,0.619942176
2.994401771,2.558399791,0.626267702,-1.158454999,-0.014653074
2.668523031,0.907323401,0.057640253,-0.699160098,-0.566699348
0.536264915,1.143191457,0.17623301,-0.239865197,-0.386123464
0.691802145,2.794267846,1.047159097,-1.370437261,-0.200388269
2.500297654,1.143191457,-0.945811548,-0.416517082,-0.448035195
1.765670324,0.907323401,1.292922555,0.360751212,-0.303574488
3.383685801,-0.272016877,-0.572692576,0.042777819,-1.154860799
1.55456524,0.671455346,0.380551382,-0.663829721,-0.938169738
1.932510777,1.614927568,-0.204248159,-0.487177836,-0.2623
2.163762669,-0.507884932,-0.830392811,-0.310525951,-1.79977467
2.09292591,-0.272016877,0.107269424,0.643394228,-1.21677253
1.28444652,0.199719234,1.540849256,-0.381186705,-1.701747762
2.31593168,-0.272016877,0.32951767,0.466742343,-1.221931841
1.757469244,0.43558729,-0.455141889,-0.487177836,-1.722385006
1.551918736,0.907323401,0.482453759,-0.416517082,-0.711160055
1.353383459,1.850795624,0.346942072,-1.123124622,0.475481469
2.074435631,-0.036148821,0.574581071,-0.027882935,-1.74302225
1.757469244,0.43558729,0.768758263,-0.487177836,-1.722385006
0.912408759,1.379059513,0.818685112,-1.087794245,-0.726637988
1.318154584,-0.62581896,1.317117571,-0.20453482,-0.979444226
1.298195508,-0.036148821,1.257027944,-0.593168967,-0.89689525
0.842696629,1.614927568,0.217055275,-1.087794245,-0.169432403
3.402600559,-0.272016877,0.95608669,-0.275195574,-1.036196646
3.382187148,0.199719234,0.483506926,-0.522508213,-0.742115921
1.736111111,1.143191457,0.839495587,-0.628499344,-0.917532494
1.227295042,0.199719234,-0.708384219,-0.55783859,-1.546968433
2.88634997,-0.272016877,0.088886409,0.042777819,-1.314799439
2.291825821,-0.507884932,0.71933201,0.396081589,-1.521171878
1.856877589,-0.272016877,0.535112528,-0.91114236,-0.236503445
2.552552553,0.199719234,0.005202616,-0.098543689,-1.443782213
1.650359543,-0.036148821,0.680798034,0.184099327,-1.206453908
2.472187886,1.143191457,-1.054087336,0.714054982,1.471228487
3.388129,0.43558729,-2.227399238,0.961367621,1.450591243
2.161123784,0.671455346,0.46473747,0.14876895,1.398998133
2.366011727,-0.272016877,-1.857552521,2.127270061,1.161669828
1.664959016,1.614927568,0.848319326,-0.275195574,1.460909865
2.320544554,0.907323401,1.151258703,0.85537649,1.161669828
4.559270517,2.08666368,1.302318614,-0.699160098,1.569255395
1.207081545,3.030135902,1.996215252,-1.052463868,1.64664506
2.002893068,1.379059513,1.04349743,-0.805151229,1.481547109
1.560549313,1.379059513,1.226371819,-1.193785376,1.460909865
1.194029851,0.671455346,0.275390556,-0.239865197,1.357723645
1.409825399,1.614927568,2.010387502,-0.981803114,1.466069176
8.12433769,-0.272016877,-0.602397413,0.219429704,0.975934633
1.280136548,1.850795624,1.589561441,-1.229115753,1.579574017
0.848752334,3.266003958,2.340388969,-1.405767638,0.743765639
2.808988764,0.199719234,0.861038833,-0.133874066,1.244218804
2.029426687,0.43558729,0.584636065,0.007447442,0.769562194
1.666666667,2.794267846,2.943666508,-0.91114236,1.796265078
1.565190171,2.794267846,1.24751108,-1.653080277,1.734353346
2.884489314,2.322531735,1.281263484,-0.593168967,1.70339748
1.946472019,1.850795624,0.913004216,-0.805151229,1.533140218
1.749125437,1.614927568,1.698124799,-0.875811983,1.641485749
1.222659965,2.322531735,0.755464307,-0.981803114,1.579574017
1.404494382,3.030135902,1.545997876,-1.370437261,1.842698877
1.343905389,2.322531735,1.462510107,-1.087794245,1.687919547
1.773948302,1.614927568,0.363769978,-0.169204443,1.249378115
3.567787971,1.850795624,1.118343845,-0.451847459,1.393838822
1.917653694,0.907323401,0.334887628,0.678724605,1.099758097
1.752150366,2.794267846,1.093833962,-0.981803114,1.569255395
4.793097939,0.199719234,0.653511074,0.572733474,0.888226347
0.936705473,2.558399791,1.716957199,-1.229115753,-0.014653074
2.530311017,1.143191457,-0.160811508,-0.699160098,0.418729048
4.324324324,1.379059513,-0.13955772,-0.769820852,1.393838822
2.222222222,1.379059513,0.508071999,-0.91114236,0.650898042
1.496010638,1.850795624,1.070114712,-1.123124622,1.316449157
1.544600335,2.08666368,1.265667094,-1.158454999,0.846951859
2.981591911,2.08666368,1.525668492,-1.335106884,1.094598786
1.937280542,1.379059513,0.671913332,-1.017133491,1.068802231
1.704247509,0.671455346,1.0740397,-1.229115753,0.939819456
3.646811802,0.671455346,0.925138735,-1.441098015,1.17198845
1.08371715,2.322531735,1.136532872,-1.299776507,1.130713962
2.557544757,0.43558729,-0.396988526,-0.487177836,0.599304932
2.123424021,2.322531735,1.588545135,-1.405767638,0.382613871
1.378964523,-0.036148821,0.125852067,-0.840481606,0.423888359
3.452368109,-1.687225211,0.179506759,-1.017133491,0.222675231
3.330305783,-2.158961322,0.339632898,-0.628499344,-0.143635848
3.57885015,0.43558729,0.864050552,-0.628499344,0.196878676
2.00781993,0.199719234,-0.126981681,-0.55783859,-0.143635848
2.86283296,-0.507884932,0.187900581,0.14876895,-0.061086872
2.759991168,-0.979621044,-1.283287497,0.85537649,-0.850461451
4.955000506,-0.507884932,-0.432657967,0.184099327,-1.63983603
5.69476082,-0.743752988,-1.295578804,-0.063213312,0.470322158
3.719702424,-0.743752988,0.35314171,0.113438573,-1.423144969
3.454231434,-0.743752988,-1.872083655,0.325420835,-0.860780073
4.62641684,-0.272016877,0.208037903,-0.027882935,0.37745456
4.584001834,-0.743752988,-0.487818668,0.714054982,-1.211613219
5.366411542,-0.743752988,-0.271539717,0.749385359,-1.232250463
4.096313318,-0.743752988,0.022919129,0.325420835,-0.458353817
4.713185424,-0.272016877,0.3762231,-0.239865197,0.300064896
3.694581281,-0.743752988,-1.664630274,0.219429704,-1.686269829
6.703411292,-0.036148821,1.132864329,-0.275195574,-0.024971696
4.710104295,-0.507884932,-2.492170361,-0.027882935,-1.139382866
2.385496183,0.671455346,-0.326984551,-1.158454999,1.177147761
3.447456015,0.199719234,0.878700679,-1.123124622,0.785040127
3.006388576,-0.272016877,-0.828145979,0.219429704,0.114329701
2.944987631,-0.507884932,0.165516651,0.360751212,-1.954553999
3.935286401,-0.743752988,-0.109267822,1.279341014,-1.732703628
3.273007316,-0.036148821,0.160806356,-0.699160098,0.578667688
2.612671457,0.671455346,1.886879104,-0.805151229,0.924341523
1.309056289,0.671455346,0.842063451,-1.193785376,1.073961542
2.604166667,-0.036148821,-0.262054465,-0.734490475,-0.6853635
1.501179498,-0.272016877,0.214757269,0.007447442,-2.083536774
1.718766785,-0.507884932,0.015356444,-0.275195574,-1.913279512
3.58009008,-0.272016877,-1.109864076,-0.734490475,-1.69142914
3.193066484,-0.743752988,0.257529137,-0.063213312,-1.990669176
2.691165553,-0.272016877,0.571528118,-0.628499344,0.21751592
4.416199914,-0.272016877,0.247198025,-0.310525951,-0.773071787
3.358710255,-0.507884932,-0.719658119,0.007447442,-1.768818804
2.746672301,-0.743752988,-0.627360678,-0.063213312,-1.706907073
4.317643075,-0.743752988,-0.725613625,-0.381186705,-1.356073927
1.70586085,0.43558729,-0.02767581,-0.593168967,-0.478991061
2.678680141,-0.036148821,0.923094092,-0.20453482,0.155604188
2.852776363,-0.743752988,-0.603436568,0.113438573,-1.856527091
4.687333546,0.199719234,-1.015290639,-0.628499344,-0.014653074
5.142794616,-0.272016877,-0.746236204,-0.063213312,0.351658005
3.899519362,0.199719234,-0.757891688,-0.416517082,0.114329701
5.840674071,-0.743752988,-1.089831361,-0.063213312,0.047258658
3.712727695,-0.507884932,0.092682259,0.50207272,0.171082121
3.37512054,-0.507884932,0.399563924,-0.769820852,0.583826999
5.290205562,0.43558729,0.130878499,-0.345856328,0.681853908
3.050773589,-0.272016877,-1.435521754,1.032028375,0.00598417
1.594048884,-0.272016877,-0.631976063,0.254760081,0.392932493
4.586241276,-0.507884932,-1.043279038,0.113438573,0.294905585
2.224419179,-0.036148821,-0.388356923,0.537403097,0.418729048
4.977375566,-0.743752988,-2.654033881,2.091939684,-0.638929701
3.068879291,-0.743752988,0.394505898,-0.91114236,0.625101487
4.364967615,-0.979621044,-1.446063332,-0.20453482,0.398091804
2.72550292,-0.272016877,-0.018894743,-0.840481606,0.929500834
2.90110999,-0.272016877,-0.440868396,0.14876895,0.516755957
1.178828245,-0.743752988,-0.445007342,0.678724605,0.274268341
2.472187886,-0.979621044,-0.711990155,-0.381186705,0.315542829
1.715265866,-0.743752988,-1.040578953,0.431411966,0.088533146
3.055487656,-0.272016877,0.784238107,-0.769820852,0.867589103
3.472557153,-0.507884932,-0.683863874,-0.20453482,0.614782865
2.906674971,-0.979621044,-0.067406271,1.032028375,0.078214524
2.898550725,-0.272016877,-0.444897766,0.254760081,0.614782865
3.131160849,-0.507884932,-0.502331773,-0.734490475,1.073961542
2.735637901,-0.272016877,-0.231066938,0.608063851,0.568349066
3.37719809,-1.215489099,-0.567759093,1.314671391,-0.251981378
4.59506031,-0.507884932,-0.303083197,-0.734490475,0.981093944
3.281378179,-0.743752988,-0.362397063,-0.345856328,0.439366292
4.267068273,-0.979621044,0.126449591,-0.663829721,0.444525603
1.700138136,-0.979621044,-0.730450181,0.820046113,0.191719365
3.056829234,-0.036148821,-0.558386499,2.268591569,-0.860780073
2.943722944,-0.036148821,-0.588456479,2.162600438,-0.257140689
3.625730994,0.43558729,-0.323232719,0.042777819,0.434206981
3.132977489,0.199719234,0.867990206,0.714054982,0.140126256
3.151116591,0.43558729,0.185888503,1.773966292,-0.334530354
1.180018356,0.199719234,2.319182355,-1.052463868,0.898544969
3.150684932,0.671455346,2.090855948,-0.734490475,0.996571877
2.089478859,0.553521318,1.925907827,-1.299776507,0.934660145
2.034953316,0.43558729,1.725835362,-0.628499344,0.356817316
1.162640486,-0.036148821,0.963226987,-1.26444613,0.645738731
0.531279054,0.671455346,0.40058972,-1.26444613,0.687013219
3.065228053,0.671455346,1.153935976,-1.547089146,0.970775322
1.65994783,-0.507884932,0.833231155,-0.487177836,0.222675231
1.568068425,0.671455346,0.685556457,-0.345856328,0.552871133
2.222222222,-0.036148821,-0.351574958,0.14876895,-0.05076825
2.362669817,0.199719234,0.747724674,-1.476428392,0.970775322
1.973684211,-0.036148821,1.548689834,-0.628499344,0.754084261
0.693288963,2.08666368,1.214827706,-1.193785376,1.244218804
3.015764222,1.143191457,0.207443238,-1.158454999,1.156510517
1.80156994,-0.036148821,-0.003378579,-1.335106884,1.110076718
2.106741573,0.671455346,-1.750165957,0.678724605,0.176241432
0.637592451,1.379059513,1.330412162,-1.335106884,1.12039534
0.964984836,1.143191457,1.586597476,-1.476428392,0.16592281
1.934235977,-0.272016877,0.521268186,-0.981803114,0.58898631
1.720183486,-0.036148821,1.047436953,-1.158454999,0.944978767
2.650832361,-0.743752988,-0.787483996,-0.55783859,0.563189755
1.903794898,-0.272016877,-1.000794162,-0.027882935,0.160763499
2.792646032,0.43558729,0.525138189,-1.017133491,0.160763499
1.908396947,1.143191457,0.502480271,-1.123124622,0.460003536
5.797955975,-0.507884932,-0.292111702,-1.299776507,0.831473926
0.730673681,-0.507884932,0.78671945,-1.335106884,1.161669828
3.973321981,-0.743752988,0.910027061,-0.981803114,0.90370428
0.807645713,1.379059513,0.654510808,-0.91114236,-0.061086872
3.64915939,-0.036148821,0.38048997,-1.087794245,0.981093944
0.68343357,1.850795624,1.290394037,-1.193785376,0.888226347
1.495327103,1.614927568,0.415936933,-1.299776507,0.635420109
1.911071474,0.43558729,0.542218224,-1.158454999,1.053324298
2.970532319,0.199719234,-0.640391558,-0.875811983,0.21751592
1.737271148,1.143191457,-0.086702778,-1.193785376,1.17198845
1.822700911,0.671455346,0.554980328,-1.26444613,1.440272621
1.637810014,0.43558729,-0.373934245,-0.840481606,1.244218804
5.524183648,-0.743752988,0.971156029,-0.381186705,-0.035290318
1.979707993,-0.036148821,-0.447845458,0.714054982,-0.401601397
1.803139584,-0.507884932,-1.202476626,-0.133874066,-0.081724116
3.808798324,-0.507884932,-1.009895719,-0.239865197,0.114329701
2.943701705,-0.979621044,-0.603854902,-0.275195574,-0.009493763
2.491901321,-0.507884932,-1.529172581,0.820046113,-0.370645531
2.865329513,-0.743752988,-2.203809555,0.820046113,-0.623451768
3.206270039,-0.979621044,-0.800749573,0.926037244,-0.587336592
1.677249311,-0.979621044,-0.756865686,2.127270061,-1.299321506
2.898550725,-1.215489099,-0.852734143,0.290090458,-0.200388269
4.187091503,-0.743752988,-0.419619185,1.20868026,-1.098108378
4.276784735,-0.979621044,-0.329979661,-0.734490475,0.521915268
2.864547811,-0.743752988,-0.298924241,-0.699160098,0.712809774
2.709721125,-0.272016877,-0.780649617,-0.381186705,0.114329701
2.077922078,-1.215489099,-0.874797378,-0.981803114,0.506437335
3.56978351,-0.743752988,-1.28452488,0.643394228,-0.540902793
3.47725297,-0.979621044,-0.218846552,-0.20453482,0.011143481
3.156290814,-0.507884932,-0.015074474,0.325420835,-0.334530354
2.467852968,-0.743752988,-0.055577968,-1.405767638,1.094598786
3.429355281,-0.507884932,-0.418725328,-0.487177836,0.140126256
3.121224325,-0.743752988,-1.122687124,0.396081589,-0.36548622
2.58143823,-0.743752988,0.801182092,1.138019506,-0.834983518
2.394948835,-0.743752988,-0.415926447,-0.663829721,0.573508377
2.506551213,-0.979621044,-0.466535193,1.56198403,-1.144542177
3.448636221,-0.272016877,0.526374769,0.184099327,0.083373835
3.214285714,-0.507884932,0.919021078,-0.169204443,0.104011079
3.24524803,-0.272016877,-1.096866079,0.042777819,-0.071405494
3.552003552,-0.272016877,-0.592291152,0.007447442,0.052417969
3.271180896,-0.507884932,-0.542586296,-0.628499344,0.176241432
1.650943396,0.199719234,0.329613776,0.219429704,-0.10236136
3.46331452,-0.507884932,0.300008931,1.985948553,-0.824664896
3.480589023,-0.507884932,-0.64090241,0.042777819,-0.019812385
3.760913365,-0.036148821,-0.575913023,0.890706867,-0.226184824
2.322071288,-0.272016877,1.181597215,0.254760081,-0.293255866
2.838605028,-0.272016877,-0.648366878,0.360751212,-1.036196646
3.013095376,-1.215489099,-2.089967057,0.961367621,-0.860780073
4.316191886,-1.215489099,-1.753437427,1.915287799,-1.366392549
3.023705854,-0.979621044,0.000732026,0.784715736,-0.917532494
6.0510392,-0.979621044,-1.656075908,1.526653653,-1.180657354
2.293077091,-1.097555071,-0.033595389,-0.133874066,-0.391282775
2.03082069,-0.743752988,0.441249162,0.14876895,-0.226184824
4.662004662,-0.272016877,-0.804659913,0.466742343,0.176241432
2.575423105,-0.507884932,-1.91918259,-0.169204443,0.047258658
2.822201317,0.43558729,-0.0838908,-0.840481606,0.846951859
1.719479243,-0.743752988,0.31624972,0.219429704,-0.804027652
2.755200441,-0.272016877,0.051856911,-0.063213312,-0.329371043
6.598020594,-0.743752988,-2.371652029,0.749385359,-0.706000744
2.14159738,0.081785207,0.799459134,-0.20453482,0.305224207
2.453653217,-0.272016877,-1.06088065,-0.133874066,-0.272618622
1.679132957,0.199719234,0.359965422,-0.239865197,-0.122998604
2.848148703,0.43558729,0.57083972,-0.663829721,0.294905585
2.116682101,-0.272016877,0.089436515,0.14876895,-0.509946927
2.593835825,-0.272016877,-1.710555853,0.926037244,-1.144542177
2.013263856,-0.036148821,-0.727757588,-0.063213312,0.088533146
5.351409204,-0.272016877,-1.114751618,0.926037244,-0.907213872
1.491980604,0.199719234,0.958909112,-0.522508213,0.274268341
1.619332337,0.43558729,-0.785280098,0.219429704,-0.834983518
2.68850055,0.671455346,0.437521319,-0.20453482,0.176241432
2.19411461,0.199719234,-0.496982235,-0.310525951,-0.086883427
3.461165721,0.671455346,-0.397770638,0.184099327,-0.881417317
5.257105306,-0.272016877,-1.83391742,0.643394228,-0.437716573
3.286563014,-0.036148821,0.369514888,0.290090458,-0.215866202
3.933566434,-0.036148821,-0.856804224,0.466742343,-0.179751025
3.955011741,0.199719234,-0.830074002,0.643394228,-0.540902793
3.680529996,-0.036148821,-1.688657347,1.032028375,-0.659566945
3.104144032,-0.036148821,-1.214069914,0.890706867,0.011143481
3.325020781,-0.389950905,-2.13161478,1.314671391,-0.081724116
3.647258044,0.199719234,-1.353220026,0.643394228,-0.174591714
3.286034354,-0.507884932,-1.519304549,1.632644784,-0.690522811
1.760120694,0.199719234,-0.851323418,0.113438573,-0.055927561
5.159538357,0.43558729,0.346373881,1.244010637,-0.138476537
2.29108887,-0.272016877,1.213653378,-1.476428392,1.01204981
0.887784091,2.558399791,1.73186775,-1.547089146,1.17198845
3.525901817,-0.272016877,0.177508039,-1.441098015,0.939819456
0.519008693,0.43558729,1.052140671,-1.476428392,1.006890499
4.515158031,-0.507884932,0.522977468,-1.123124622,0.253631097
3.972307343,-0.272016877,0.246274611,-1.370437261,0.846951859
1.796837566,-0.036148821,-0.329216157,-0.381186705,-1.061993201
2.575423105,-0.743752988,-0.65487845,-0.063213312,-0.36548622
3.729547642,-0.507884932,0.444820161,-1.405767638,0.883067036
1.02629891,1.143191457,0.864931368,-1.476428392,1.12039534
1.421005038,-0.036148821,-0.23604769,-1.335106884,1.12039534
3.821351803,-0.507884932,-1.330228484,0.219429704,-0.179751025
2.843601896,-0.272016877,-0.667940679,-0.098543689,-0.963966293
2.868318123,-0.272016877,-0.546191073,0.678724605,-0.669885567
1.403777437,1.143191457,1.010458871,-1.193785376,0.604464243
1.539448364,-0.036148821,0.478914727,-1.158454999,0.805677371
1.720324404,0.199719234,0.364282232,-0.169204443,-1.015559402
2.549246813,-0.507884932,-1.739398594,0.749385359,-0.706000744
3.204700227,-0.272016877,0.299920018,0.820046113,-0.969125604
1.686746988,0.671455346,0.671442144,-1.017133491,0.439366292
1.686340641,1.614927568,1.088462116,-1.087794245,0.795358749
4.441243548,0.43558729,1.129991631,-0.063213312,-0.071405494
3.662109375,-0.036148821,-0.598604776,0.219429704,-0.040449628
2.530771885,0.43558729,0.046154131,-0.239865197,0.310383518
2.0061522,1.143191457,0.856226061,-1.193785376,0.950138078
2.561912895,-1.215489099,-1.49717641,0.890706867,-1.510853256
1.078894134,-1.451357155,-0.262442233,2.162600438,-2.186722993
1.754859611,-1.215489099,-1.078987565,1.597314407,-1.892642268
1.956468574,-1.451357155,-0.225454697,1.279341014,-2.315705768
2.620087336,-1.451357155,0.224518864,1.985948553,-2.227997481
2.409348271,-1.215489099,-2.145005253,0.749385359,-1.273524951
2.256138023,-1.215489099,0.017436698,0.820046113,-1.985509865
2.663934426,-1.451357155,-0.406626774,1.173349883,-2.320865079
2.883922134,-1.215489099,-0.110339691,0.572733474,-1.046515268
2.799552072,-1.451357155,-0.081700764,0.714054982,-2.687176158
0.525983589,-1.451357155,-1.213586282,1.244010637,-2.506600274
4.779902179,-1.215489099,-2.592635689,0.325420835,-0.974284915
2.77685216,-1.451357155,-0.394238818,0.396081589,-1.061993201
0.949893137,-1.451357155,-1.240671409,0.784715736,-2.625264426
0.965483949,-1.215489099,-0.4456251,0.890706867,-2.367298877
1.399776036,-1.215489099,0.367312279,0.714054982,-1.593402231
1.206669592,-1.215489099,-1.225239973,1.102689129,-2.568512005
2.064084922,-1.451357155,-1.194526453,0.537403097,-2.346661633
2.494092938,-1.451357155,-0.277606482,1.809296669,-2.248634725
1.630988787,-1.215489099,-0.493127795,1.173349883,-1.433463591
2.08035366,-1.215489099,0.997056291,1.385332145,-1.526331189
2.750851454,-1.215489099,-0.425336463,0.926037244,-2.006147109
3.368176539,-1.451357155,0.002329694,1.56198403,-1.841049158
2.007395668,-0.979621044,-0.265143364,0.890706867,-1.58824292
1.760976755,-1.215489099,-0.774813309,0.325420835,-1.722385006
3.452740613,-1.215489099,0.067649324,1.102689129,-1.500534634
2.342606149,-0.979621044,-0.991386519,1.985948553,-1.149701488
3.251445087,-0.979621044,0.377717432,1.20868026,-1.387029792
1.865903719,-1.215489099,-1.479541579,1.20868026,-1.443782213
3.287809813,-0.979621044,-0.151476543,2.268591569,-1.16002011
2.972136223,-0.979621044,-1.728510407,1.455992899,-0.819505585
3.177318832,-0.979621044,-0.728674519,0.85537649,-0.927851116
3.486189327,-1.451357155,-2.299827366,0.890706867,-0.943329049
2.608290638,-1.215489099,-0.653178566,0.50207272,-0.73695661
2.070393375,-0.979621044,-1.566443764,0.431411966,-0.360326909
4.376899696,-0.979621044,-1.587055002,1.526653653,-0.716319366
1.855631843,-1.215489099,-0.119512786,0.254760081,-0.752434543
2.210475733,2.322531735,1.213319193,-1.299776507,0.950138078
6.00204948,0.43558729,-0.54502108,0.714054982,0.527074579
5.86032883,0.43558729,1.705550387,0.254760081,0.470322158
3.708854891,0.671455346,0.207457325,-0.487177836,0.552871133
2.293577982,0.907323401,1.411110598,-0.239865197,0.630260798
2.675690564,0.671455346,-0.354302171,-0.345856328,0.238153164
2.840909091,0.199719234,1.536943849,-1.017133491,0.671535286
4.352192836,1.143191457,0.256614748,0.219429704,-0.597655214
1.893159931,0.199719234,0.932956837,-0.275195574,0.119489012
4.429837096,0.43558729,-0.4529861,0.113438573,-0.350008287
2.555238238,0.671455346,1.232818019,-0.381186705,-1.624358097
0.949517329,0.907323401,-0.54392709,-0.20453482,-1.185816664
2.57916607,-0.036148821,-0.607345749,0.042777819,-1.067152512
1.67602447,0.907323401,1.37420411,-1.087794245,0.48064078
2.831969792,-0.036148821,0.413209889,-0.169204443,-1.366392549
2.555238238,0.671455346,1.46529832,-0.381186705,-1.624358097
2.209801118,-0.036148821,1.027504977,-0.027882935,-1.175498043
2.290345314,1.143191457,0.675385908,-1.087794245,0.475481469
1.944849621,-0.507884932,0.058194095,0.184099327,-0.89689525
1.833180568,-0.507884932,-0.236176268,0.113438573,-1.835889847
2.720982663,-0.272016877,-0.508869595,0.219429704,-1.85136778
2.972872538,-0.743752988,0.186543159,0.714054982,-1.737862939
1.710863986,-0.979621044,-1.142565442,0.50207272,-2.037102975
3.28407225,-0.979621044,-0.105600643,0.996697998,-2.124811262
2.720982663,-0.272016877,-0.381442693,0.219429704,-1.85136778
2.95765878,-0.507884932,-0.481430255,0.714054982,-1.892642268
1.530612245,1.379059513,0.1639752,-0.734490475,0.501278024
2.640114656,-0.743752988,-0.648703435,0.85537649,-1.841049158
2.535496957,-0.979621044,-1.097952913,1.56198403,-2.021625042
4.096434088,-1.451357155,-0.74412092,1.102689129,-2.305387146
1.662570479,-0.507884932,0.067046849,0.325420835,-1.74302225
4.982508216,-1.451357155,-0.595014067,2.127270061,-2.305387146
2.985074627,-1.451357155,-0.79311593,1.915287799,-2.217678859
1.357509939,1.143191457,1.540318058,-1.017133491,1.300971224
1.954531427,1.143191457,1.128029436,-1.299776507,1.414476066
2.553812477,0.671455346,1.245216587,-1.087794245,1.43511331
1.940312298,0.43558729,1.43534709,-0.91114236,1.06364292
1.715069746,0.671455346,0.923841529,-1.511758769,1.502184352
1.926163724,0.907323401,0.797063865,-1.370437261,1.300971224
1.447643558,0.43558729,1.624836426,-1.688410654,1.517662285
2.763328999,0.907323401,1.268235239,-1.511758769,1.393838822
1.141064042,1.143191457,1.234581202,-1.335106884,1.527980907
3.432213778,0.907323401,0.893351702,-0.946472737,0.857270481
1.207911822,0.671455346,0.553390973,-1.370437261,1.264856048
2.611723738,1.614927568,1.131600229,-1.229115753,1.445431932
1.739466564,0.671455346,0.658941716,-0.416517082,0.470322158
5.392365546,0.199719234,0.992227208,-1.6177499,1.517662285
1.607869101,0.671455346,1.391928992,-1.229115753,1.213262938
1.246300047,0.43558729,1.441794523,-1.653080277,1.522821596
3.850596843,1.143191457,0.269846358,-0.027882935,1.161669828
0.602228245,0.907323401,1.050839448,-1.547089146,1.59505195
1.7788319,1.379059513,0.778965114,-1.370437261,1.507343663
2.447589656,1.379059513,-0.104409295,-0.840481606,1.197785005
2.954001969,0.907323401,1.873533078,-1.335106884,1.558936773
2.6426544,1.143191457,0.580328952,-1.087794245,1.450591243
1.702553831,1.614927568,1.55222752,-1.299776507,1.455750554
1.55651341,-0.743752988,-0.055733766,-0.875811983,0.37745456
5.137735024,-0.743752988,-1.002501706,-0.487177836,0.186560054
2.800882702,-0.743752988,1.029978342,-1.193785376,0.521915268
3.818459524,-0.743752988,-0.267097581,0.50207272,0.047258658
3.231226574,-1.215489099,-4.266243654,0.608063851,-0.184910336
2.702963607,-0.979621044,-0.986627536,0.078108196,-0.437716573
5.80990007,-0.743752988,-0.496962188,0.572733474,-0.10236136
3.447879554,-0.979621044,-0.255494858,-0.769820852,0.341339384
4.737887819,-1.451357155,-0.095099327,-0.628499344,-0.556380726
5.849889625,-0.743752988,-1.003112906,0.890706867,0.10917039
4.304381245,-0.507884932,-0.215118652,1.56198403,-0.086883427
6.872852234,-0.743752988,-0.670593608,0.572733474,-0.360326909
3.115264798,-0.979621044,-0.776906566,0.784715736,-0.540902793
2.923634663,-0.743752988,-1.323556125,0.643394228,-0.257140689
3.448275862,-0.743752988,-2.004929335,1.773966292,-1.252887707
2.957850629,-0.507884932,-1.530667866,1.632644784,-1.036196646
3.730863245,-0.743752988,-2.150104568,0.643394228,-0.597655214
3.66568915,-0.979621044,-0.417270567,2.056609307,-1.577924298
0.831860247,-0.979621044,-0.977709634,1.738635915,-1.779137426
2.133153699,-0.743752988,-1.320969278,1.067358752,-0.907213872
5.206826728,-0.507884932,-0.576570987,1.032028375,-1.206453908
5.144156,-0.743752988,-1.208924115,1.809296669,-1.454100835
3.751082043,-0.272016877,-0.494456912,1.597314407,-0.984603537
3.488241251,-0.272016877,-0.209457797,-0.133874066,0.021462103
3.732537059,-0.272016877,0.418569534,-0.098543689,-0.20554758
1.918029477,-0.272016877,-0.118056175,0.643394228,-0.850461451
2.956678236,-0.743752988,1.226329596,0.290090458,-0.669885567
2.834714348,-0.036148821,-0.342416922,-0.769820852,0.501278024
2.076699432,-0.036148821,0.823160654,0.396081589,0.047258658
1.821714841,0.199719234,1.254099496,-0.875811983,0.702491152
1.999111506,0.671455346,0.462338146,-1.370437261,1.073961542
1.197996079,0.199719234,0.948823646,-0.487177836,0.48064078
3.111387679,0.43558729,0.433966108,-0.239865197,0.176241432
4.97814473,-0.272016877,-2.378052847,0.325420835,0.738606328
4.874730756,-0.272016877,-1.693948146,0.396081589,0.630260798
2.216138704,1.614927568,0.296237071,-1.26444613,0.877907725
2.515889831,0.199719234,-0.758395142,-0.55783859,0.991412566
3.96723829,0.43558729,-0.682664698,-0.416517082,1.048164987
2.452893299,0.43558729,1.017559372,-1.017133491,1.01204981
2.402487281,1.379059513,0.047465481,-1.017133491,0.908863591
1.584786054,1.850795624,1.349373363,-1.123124622,1.166829139
2.275312856,1.143191457,-0.119961947,-1.370437261,1.125554651
1.330671989,0.671455346,0.232732936,-0.663829721,1.043005676
1.837879667,1.143191457,0.238903429,-0.840481606,0.826314615
5.590579279,0.199719234,-0.790669356,-0.063213312,0.754084261
2.806736167,0.671455346,0.530538246,-0.734490475,1.156510517
1.049042748,0.671455346,1.063107589,-0.805151229,0.9604567
2.531289551,1.143191457,1.226828155,-1.052463868,1.3835202
1.407729716,1.850795624,1.410490561,-1.370437261,1.161669828
2.431610942,1.143191457,0.741649147,-0.981803114,0.867589103
1.878757515,0.671455346,0.892876385,-0.840481606,0.687013219
3.873966942,-0.507884932,-0.382484295,0.749385359,0.625101487
0.977875565,1.850795624,0.731504437,-0.840481606,1.084280164
2.084690554,0.43558729,0.357276846,-0.734490475,0.656057353
1.464908776,2.322531735,1.183323759,-1.441098015,1.151351206
0.967351874,2.322531735,1.482448304,-1.476428392,0.841792548
2.516514627,2.08666368,0.963874862,-1.017133491,0.815995993
1.916167665,-0.979621044,0.846615725,1.455992899,-0.272618622
2.679075014,-1.215489099,-1.030272092,1.455992899,-0.700841433
3.395411051,-0.979621044,0.824690745,0.113438573,0.258790408
2.84235103,-1.451357155,-0.793245217,-0.239865197,-0.133317226
3.881755748,-1.215489099,0.481717943,0.113438573,-0.31389311
4.010462075,-0.743752988,-0.301934484,0.714054982,-0.215866202
3.374750729,-1.215489099,-0.612973834,0.784715736,-0.334530354
3.122831367,-1.687225211,-0.912964528,2.091939684,-1.675951207
4.768843555,-1.451357155,0.255068084,0.643394228,-0.597655214
1.591451631,-2.158961322,1.066144474,0.961367621,-0.927851116
3.342618384,-1.687225211,-0.341151364,1.385332145,-1.381870481
2.630194634,-1.687225211,-1.03202838,2.162600438,-1.325118061
4.353932584,-1.451357155,-0.346100112,1.20868026,-1.175498043
3.039821664,-1.687225211,-1.260866779,2.197930815,-1.469578768
4.421801403,-1.451357155,-1.753280545,1.20868026,-0.783390409
2.861602497,-1.215489099,0.170774119,0.926037244,-1.020718713
2.921464169,-1.451357155,-0.977264994,0.85537649,-1.237409774
3.171856978,-1.687225211,-0.182358098,2.692556093,-1.325118061
1.736915239,-1.451357155,-0.446105592,2.480573831,-1.593402231
3.006765222,-1.451357155,-0.5066089,3.010529486,-1.175498043
2.822711975,-1.451357155,1.082743531,0.042777819,-0.953647671
2.451687338,-1.451357155,0.299764257,2.091939684,-1.557287055
3.118221258,-0.743752988,0.537308879,0.290090458,-0.566699348
4.709395819,-1.451357155,0.426239666,1.985948553,-1.170338732
2.777106979,-1.215489099,0.502534247,0.431411966,-1.05683389
1.947857357,-0.979621044,0.341776357,-0.169204443,-0.515106238
1.891984864,-0.036148821,1.424791594,-1.229115753,0.80051806
1.876759462,-1.215489099,-0.325481644,0.007447442,-0.78854972
2.382286996,-1.215489099,0.55235875,0.608063851,-0.767912476
1.761597181,-0.743752988,0.91111382,0.254760081,-0.148795159
1.5625,-0.979621044,1.248444825,-0.239865197,-0.164273092
1.880406168,1.850795624,1.087721854,-0.027882935,0.908863591
1.475763424,1.850795624,1.777623125,-0.55783859,1.321608468
2.598366741,0.907323401,0.246691936,0.184099327,0.805677371
2.189592993,1.379059513,0.857246514,-0.027882935,0.712809774
3.402646503,1.379059513,0.635388503,-0.310525951,0.604464243
2.344521224,0.199719234,-0.29346096,0.254760081,-0.122998604
2.558362648,1.143191457,0.819048275,-0.628499344,0.857270481
2.543604651,-0.036148821,0.25537927,0.360751212,-0.267459311
3.080985915,-0.507884932,-0.214985778,1.597314407,-0.675044878
1.329305136,-0.507884932,0.3032861,0.360751212,-0.41707933
2.696815683,-0.272016877,-0.682399323,0.184099327,-0.535743482
2.58092268,-0.272016877,0.597511968,0.396081589,-0.494468994
3.288162615,-0.743752988,-1.016705362,2.586564962,-0.809186963
2.545008955,-0.743752988,-0.430187946,-0.133874066,-0.515106238
2.995736836,-0.036148821,-0.304829022,-0.169204443,-0.241662756
3.242542153,-0.507884932,-0.340362675,0.219429704,-0.742115921
5.282812642,-0.743752988,-0.994742587,0.431411966,-0.778231098
3.878056663,-0.507884932,-0.960317198,0.431411966,-1.046515268
1.482495153,-0.507884932,-0.340804008,0.219429704,-0.994922158
3.001313074,-1.215489099,-0.308285774,1.491323276,-1.464419457
2.067539628,-0.507884932,-0.372205627,0.50207272,-0.334530354
2.199643867,-0.743752988,-0.899144287,0.608063851,-1.113586311
1.839627746,-0.979621044,0.072053179,0.042777819,-0.700841433
3.47826087,-0.743752988,-0.396033911,0.572733474,-0.638929701
1.930087926,-0.743752988,-0.151520915,0.290090458,-0.840142829
3.240305216,-1.215489099,-1.359376918,1.032028375,-1.247728396
2.430461788,-0.979621044,-0.983266087,1.632644784,-1.051674579
1.88253012,-0.979621044,-0.676350569,0.572733474,-0.850461451
2.803738318,-0.036148821,-1.1556355,-1.229115753,0.975934633
2.687208886,-0.743752988,-1.201657745,-0.027882935,-0.215866202
2.55330014,-0.743752988,-0.464946044,0.219429704,-0.004334452
1.336749471,-0.507884932,-1.101565108,-0.840481606,0.635420109
3.36749634,-0.507884932,-0.040767297,-0.663829721,0.769562194
1.539190149,-0.036148821,1.468021515,-1.405767638,1.466069176
1.921229587,-0.979621044,-1.754589466,0.961367621,-0.747275232
1.949717804,-0.979621044,-0.469998128,-1.299776507,0.965616011
1.177717583,-0.507884932,-0.126813702,-1.723741031,1.373201578
3.485670023,-0.507884932,0.690302811,-1.688410654,1.22358156
1.367989056,-0.036148821,0.36436752,-1.441098015,1.182307072
3.057102304,-0.743752988,0.761539927,-1.26444613,0.836633237
2.330662782,-1.687225211,-0.501506895,0.749385359,0.186560054
1.671442216,-0.272016877,1.528209378,-1.229115753,0.975934633
1.037748087,-0.272016877,0.417039088,-1.405767638,1.373201578
3.054560775,-0.272016877,0.852762359,-0.416517082,0.558030444
1.76366843,0.199719234,1.753256206,-1.547089146,1.33192709
3.057714359,-0.743752988,-0.987037032,-0.805151229,0.10917039
1.70974555,-0.272016877,-0.984818449,-1.229115753,1.141032584
1.135894259,-0.036148821,0.480132605,-1.547089146,0.970775322
2.482269504,-0.507884932,-0.345812616,-1.087794245,0.975934633
2.924383791,-0.743752988,-0.304118746,-0.55783859,0.052417969
2.486260141,-1.215489099,-0.588951058,-0.098543689,0.253631097
2.040584968,-0.507884932,0.953291901,-0.522508213,0.619942176
1.268450185,-0.272016877,1.103908312,-1.511758769,1.099758097
1.304958844,-0.743752988,0.613879765,-1.299776507,0.723128395
2.443494197,-0.272016877,0.533339127,-1.582419523,1.130713962
2.103879027,-0.272016877,0.96274414,-0.628499344,0.666375975
2.841758899,-0.507884932,0.37460006,-0.805151229,0.563189755
1.588814744,-0.507884932,0.329679054,-0.734490475,0.619942176
1.406074241,-0.743752988,0.761000975,-1.370437261,0.578667688
2.476780186,-0.507884932,0.721537384,-0.522508213,-0.41707933
2.224529141,-0.743752988,0.307330006,0.007447442,-0.721478677
3.882992493,-1.215489099,-0.655699573,0.042777819,-0.592495903
2.915451895,-0.743752988,-1.433086335,-0.593168967,-0.41707933
1.208459215,-0.036148821,0.158728681,-0.487177836,-0.030131007
3.040353787,-0.507884932,-1.794586572,0.537403097,-0.36548622
1.203007519,0.671455346,0.4722859,-0.805151229,0.042099347
2.866242038,-0.036148821,1.097983315,-0.345856328,0.104011079
0.811782442,0.43558729,0.416548712,-0.55783859,-0.272618622
3.681457082,-0.272016877,-1.903068173,1.491323276,-0.690522811
3.114518448,-0.272016877,-1.049330987,1.20868026,-0.546062104
2.20187739,-0.272016877,0.783655325,-0.55783859,0.284586963
0.92888843,0.199719234,0.531372037,-1.087794245,0.496118713
2.323356567,-0.507884932,0.906496959,-1.123124622,0.011143481
3.21296361,-0.507884932,-0.123048473,2.3745827,-1.134223555
2.907915994,-0.507884932,-0.664686323,1.455992899,-0.917532494
3.453654189,0.43558729,0.581475834,-1.476428392,0.656057353
4.03273633,-0.272016877,0.217487228,-0.840481606,0.160763499
13.57194331,-0.036148821,0.4108742,-0.55783859,0.361976627
1.585414189,-0.036148821,1.002215429,-0.699160098,0.470322158
2.156395415,-0.036148821,-0.38757965,0.042777819,-0.427397951
1.480300615,-0.507884932,1.27393232,-0.875811983,0.294905585
1.305351943,-0.507884932,0.462652807,-0.310525951,0.129807634
15.62705187,0.199719234,0.753568344,-0.91114236,0.454844225
3.209929382,0.199719234,2.12758689,-1.653080277,0.470322158
4.56902939,0.199719234,1.034023723,-0.310525951,0.676694597
2.303086135,0.43558729,0.470671061,-0.098543689,0.382613871
2.330743618,-0.036148821,0.165704286,-0.769820852,0.9604567
2.67249757,0.199719234,0.137542171,-0.063213312,0.196878676
2.367984845,0.671455346,-0.143966507,-0.416517082,0.506437335
